https://www.epochtimes.com/gb/8/11/24/n2339512.htm,文昭：生活在希望中，做快乐的中国人
https://www.ntdtv.com/gb/2022/07/20/a103483453.html,【特稿】穿越苦难 守住心中的善
https://www.epochtimes.com/gb/22/7/21/n13786218.htm,遭拖欠工资 沈阳核酸检测点“大白”集体罢工
https://www.epochtimes.com/gb/22/7/21/n13786360.htm,“华尔街见闻”创始人被曝判刑 中共封杀消息
https://www.epochtimes.com/gb/22/7/20/n13785235.htm,美人口贩运报告 关注铁链女和多个中国案例
https://www.epochtimes.com/gb/22/7/19/n13784258.htm,李正宽：持续了23年的残酷迫害及其延伸
https://www.epochtimes.com/gb/22/7/19/n13784483.htm,传郎咸平也要“润” 举家永远离上海迁居香港
https://www.epochtimes.com/gb/22/7/19/n13784052.htm,专家：中国停贷风波或陷死局 银行忧挤兑
https://www.epochtimes.com/gb/22/7/19/n13784281.htm,上万富人盼移民 中国或面临“人财两失”
https://www.epochtimes.com/gb/22/7/16/n13782351.htm,疑影射习近平 上海名记者为“知了”诗检讨
https://www.epochtimes.com/gb/22/7/18/n13783417.htm,中国青年失业率飙高 官称“摩擦性失业”惹议
https://www.epochtimes.com/gb/22/7/15/n13781577.htm,大陆专家：烂尾楼停贷潮恐引发灾难性后果
https://www.epochtimes.com/gb/22/7/15/n13781579.htm,陕西上千人围银保监 停贷烂尾楼增至235案
https://www.epochtimes.com/gb/22/7/15/n13781855.htm,曝光广东华兴银行“取不出钱” 券商顾问被捕
https://www.epochtimes.com/gb/22/6/14/n13759336.htm,打人事件发酵 唐山公安局前百余人排长队申冤
https://www.epochtimes.com/gb/22/6/13/n13758927.htm,周晓辉：唐山黑势力为何几十年屡禁不绝？
https://www.epochtimes.com/gb/22/6/8/n13754706.htm,网文：中国经济面临的困局 中共将完蛋
https://www.epochtimes.com/gb/22/6/9/n13756065.htm,分析：中共大规模核检常态化 或拖垮地方财政
https://www.epochtimes.com/gb/22/6/7/n13753946.htm,徐州丰县警察获“表彰” 铁链女案再引关注
https://www.epochtimes.com/gb/22/6/5/n13752620.htm,大陆网红六四33周年端坦克蛋糕 直播秒被封
https://www.epochtimes.com/gb/22/6/5/n13752591.htm,六四33周年 离散港人聚首英澳延续烛光
https://www.epochtimes.com/gb/22/6/4/n13752436.htm,李克强十万人大会事先获得习近平默许？
https://www.epochtimes.com/gb/22/6/3/n13751624.htm,中共吹嘘“最大常规航母” 分析：美国早已淘汰
https://www.ntdtv.com/gb/2022/04/08/a103395204.html,周恩来的伪善之谜
https://www.epochtimes.com/gb/22/5/27/n13746900.htm,林辉：麻雀清零后果严重 为其喊冤科学家遭迫害
https://www.epochtimes.com/gb/22/5/28/n13747327.htm,网民：又要封城又要稳经济，弄着玩呢？
https://www.epochtimes.com/gb/22/5/24/n13744468.htm,李克强和10万人开会稳经济 分析：隔靴搔痒
https://www.epochtimes.com/gb/22/5/25/n13744901.htm,市民：要不是在上海，我都信了上海解封了
https://www.epochtimes.com/gb/22/5/25/n13745022.htm,中共二十大前 公安部及地方公安厅人事大洗牌
https://www.epochtimes.com/gb/22/4/13/n13710997.htm,从“零麻雀”到清零 中共政策伤害所有人
https://www.epochtimes.com/gb/22/5/24/n13743846.htm,黑客文件和照片曝光新疆集中营内残酷迫害
https://www.epochtimes.com/gb/22/5/23/n13743236.htm,王赫：三次退党大潮及其历史意义
https://www.epochtimes.com/gb/22/5/23/n13743120.htm,封城下 上海富豪叹“作贱自己”引发热议
https://www.epochtimes.com/gb/22/5/19/n13740449.htm,美媒报东航事故是人为 资深飞行师吁调查副驾
https://www.epochtimes.com/gb/22/5/19/n13740385.htm,李克强不戴口罩视察云南大学 官媒未报导
https://www.epochtimes.com/gb/22/5/18/n13740226.htm,紧跟中共的大V遭封杀 对五毛粉红造成冲击
https://www.epochtimes.com/gb/22/5/17/n13739256.htm,李克强讲话“上墙”党媒争相报 释何信号
https://www.epochtimes.com/gb/22/5/12/n13734687.htm,【特稿】乱世中的恩典和希望
https://www.epochtimes.com/gb/22/5/12/n13733957.htm,王友群：我入狱、出狱、出国的若干回忆
https://www.epochtimes.com/gb/22/5/4/n13727306.htm,惠虎宇：俄乌恩怨 千年探源
https://www.epochtimes.com/gb/22/5/12/n13734312.htm,中国海关频频剪护照 专家揭中共三大目的
https://www.epochtimes.com/gb/22/5/11/n13733714.htm,冰岛驻华使馆宣传旅游 网民留言引发一波笑料
https://www.epochtimes.com/gb/22/5/3/n13725845.htm,大纪元报箱入镜 《奇异博士2》遭北京封杀
https://www.epochtimes.com/gb/22/5/1/n13724963.htm,“爱国大V”现形 中共IP属地设置弄巧成拙
https://www.epochtimes.com/gb/22/4/29/n13723617.htm,一文看懂 俄乌战令世界对中共态度明朗化
https://www.epochtimes.com/gb/22/5/1/n13724559.htm,柳传志柳青父女两人微博突改设置 引哗然
https://www.epochtimes.com/gb/22/5/1/n13724757.htm,言论越界？交银国际策略师微博微信被封杀
https://www.epochtimes.com/gb/22/4/27/n13721941.htm,王思聪遭全网封杀 四千万粉丝账号一夜归零
https://www.epochtimes.com/gb/22/4/27/n13721969.htm,河北极端防疫 迁安社区令居民交出家门钥匙
https://www.ntdtv.com/gb/2022/04/14/a103400350.html,上海强征一社区做隔离点 多人被抓 哭嚎声一片
https://www.epochtimes.com/gb/22/4/14/n13711923.htm,上海方舱漏雨房顶塌陷 中共政府再陷尴尬
https://www.epochtimes.com/gb/22/4/14/n13711830.htm,上海确诊至今无死亡 分析：不符合医学规律
https://www.ntdtv.com/gb/2022/04/13/a103399650.html,上海续演母子分离惨剧 母控诉2周大婴儿遭单独隔离
https://www.epochtimes.com/gb/22/4/12/n13709855.htm,上海封城 市民办网络厨艺大赛 馒头获第一
https://www.epochtimes.com/gb/22/4/11/n13708843.htm,上海居委女社工“记抗疫”长文 诉崩溃心境
https://www.epochtimes.com/gb/22/4/11/n13708759.htm,上海复旦教授自曝下楼取菜遭志愿者围殴
https://www.epochtimes.com/gb/22/4/10/n13708301.htm,全球粮荒和能源价飙升 引发更多政治动荡
https://www.epochtimes.com/gb/22/4/3/n13693136.htm,苏州现全球首例全新变异株 大连亦现不明毒株
https://www.epochtimes.com/gb/22/3/31/n13687060.htm,上海老人院多人染疫身亡 六辆灵车半夜拖尸
https://www.epochtimes.com/gb/22/3/29/n13681599.htm,东航修波音机纪录片曝光 业界人士吃惊
https://www.epochtimes.com/gb/22/3/26/n13674838.htm,“大翻译运动”令中共裸奔 中共恼怒打压
https://ntdtv.com/gb/2022/03/27/a103384723.html,上海疫情爆发 “一颗白菜卖78元”冲上热搜
https://www.epochtimes.com/gb/22/3/25/n13673192.htm,东航坠机谜团加大 飞机或在空中部分解体
https://www.epochtimes.com/gb/22/3/25/n13673289.htm,参加西藏之家音乐会 基努李维主演电影遭下架
https://www.ntdtv.com/gb/2022/03/25/a103383165.html,东航坠机第二个黑匣子找到？中共官媒大摆乌龙
https://www.ntdtv.com/gb/2022/03/26/a103383787.html,黑匣乌龙藏隐情 党媒再炒美造病毒
https://www.epochtimes.com/gb/22/3/18/n13656828.htm,王友群：美高调起诉中共特务的三个警示
https://www.epochtimes.com/gb/22/3/18/n13656672.htm,中国房企泰禾集团债务危机 两名副总裁被带走
https://www.epochtimes.com/gb/22/3/14/n13645687.htm,阿里和腾讯股价再暴跌 大裁员消息上热搜
https://www.epochtimes.com/gb/22/3/12/n13641640.htm,俄乌粮仓陷战事 中共再忧粮食危机
https://www.epochtimes.com/gb/22/3/5/n13624529.htm,王友群：中共两次免于苏共核打击之谜
https://www.epochtimes.com/gb/22/3/9/n13634177.htm,中共两会再现凶兆 故宫太和殿大门被刮倒
https://www.epochtimes.com/gb/22/3/7/n13627438.htm,中国留学生逃离乌克兰细节：手机差点被抢
https://www.epochtimes.com/gb/22/3/7/n13626882.htm,楼市下滑 大陆多城下调购房首付比例至20%
https://www.epochtimes.com/gb/22/3/4/n13622418.htm,在乌华人自寻逃路遭俄军击伤 中共做误导性宣传
https://www.epochtimes.com/gb/22/3/4/n13620945.htm,蓬佩奥：美国应承认中华民国主权（演说全文）
https://www.epochtimes.com/gb/22/3/3/n13620358.htm,俄机密文件泄15天拿下乌克兰 中共早知情
https://www.ntdtv.com/gb/2022/03/03/a103363554.html,俄军向乌克兰大学宿舍开火 4名中国留学生死亡
https://www.epochtimes.com/gb/22/3/3/n13617858.htm,中共谎报撤侨人数 在乌华人：逃离费飙涨
https://www.epochtimes.com/gb/22/3/3/n13617972.htm,在乌中国公民受难 中共包机撤侨未兑现
https://www.epochtimes.com/gb/22/2/28/n13611950.htm,俄罗斯侵乌第5天 世界局势出现哪些变化？
https://www.ntdtv.com/gb/2022/03/01/a103361205.html,岳山：铁链女案牵出中共权贵奸淫幼女黑幕
https://www.ntdtv.com/gb/2022/02/26/a103358011.html,一文读懂俄乌战 普京到底想要什么？
https://www.ntdtv.com/gb/2022/02/26/a103358438.html,俄军或部署“移动火葬场”英防长：令人不寒而栗
https://www.ntdtv.com/gb/2022/02/26/a103358587.html,中共挺俄激怒乌克兰人 在乌华人身陷险境大骂党媒
https://www.epochtimes.com/gb/22/2/26/n13606929.htm,中共迄今未撤侨 乌克兰中国留学生整夜苦等通知
https://www.epochtimes.com/gb/22/2/26/n13606572.htm,俄乌开战 中使馆改口吁华人别透露身份惹议
https://www.epochtimes.com/gb/22/2/26/n13606048.htm,乌克兰人只身挡俄军车 重现“六四坦克人”？
https://www.epochtimes.com/gb/22/2/22/n13596460.htm,美中关系恶化 尼克松50年前一语成谶
https://www.epochtimes.com/gb/22/2/21/n13594631.htm,叶剑英孙女为锁链女发声：丰县只是冰山一角
https://www.epochtimes.com/gb/22/2/21/n13594100.htm,分析：北京冬奥会的代价有多高？
https://www.ntdtv.com/gb/2022/02/22/a103354515.html,709律师谢阳被抓 疑因发视频讽刺习近平
https://www.epochtimes.com/gb/22/1/27/n13534128.htm,张菁：红色间谍兄弟五人之悲剧人生
https://www.epochtimes.com/gb/22/2/11/n13570011.htm,李清：武训家乡骇人听闻的《百日无孩》运动
https://www.epochtimes.com/gb/22/2/9/n13566524.htm,专访明居正 中共百年心理战术
https://www.epochtimes.com/gb/22/2/14/n13576363.htm,中共扣发养老金依据“见不得人的内部文件”
https://www.epochtimes.com/gb/22/2/14/n13576025.htm,维族青年转发冬奥火炬手的评论 23人遭拘
https://www.epochtimes.com/gb/22/2/11/n13570780.htm,传哈佛学者曝中共防疫大敛财 专家析根由
https://www.epochtimes.com/gb/22/2/13/n13573003.htm,徐州四次通报未解疑 探铁链女二志愿者被拘
https://www.epochtimes.com/gb/22/2/12/n13572811.htm,万科再喊节衣缩食 “大家收入肯定大幅下调”
https://www.epochtimes.com/gb/22/2/12/n13571802.htm,“学习强国”APP成诈骗工具 徽女失财46万
https://www.epochtimes.com/gb/22/2/10/n13569209.htm,王友群：从反习近平长文想到薄熙来
https://www.epochtimes.com/gb/22/2/10/n13568985.htm,恒大副主席在危机曝光前清仓 套现逾5千万美元
https://www.epochtimes.com/gb/22/2/9/n13566280.htm,海外传4万字长文 中南海二十大前激战打响？
https://www.epochtimes.com/gb/22/2/7/n13560385.htm,网络大V揭“铁链女”事件背后八大诡异
https://www.epochtimes.com/gb/22/2/5/n13557271.htm,普京获北京五千亿大单后 缺席习近平宴会
https://www.ntdtv.com/gb/2022/01/31/a103334921.html,安以轩丈夫被捕 涉澳门小赌王洗米华案
https://www.epochtimes.com/gb/22/1/31/n13543871.htm,张菁：过年了，想起为修炼而遭难的许那们
https://www.epochtimes.com/gb/20/2/10/n11859600.htm,夏小强：李兰娟和郑树森家族的95家公司
https://www.epochtimes.com/gb/22/1/28/n13536574.htm,江西政府促大龄剩女嫁无业男 网络翻车
https://www.epochtimes.com/gb/22/1/27/n13534477.htm,王友群：《沉默呼声》全美上映并加演意味什么
https://www.epochtimes.com/gb/22/1/22/n13521719.htm,日本对华援助将终止 中共隐瞒真相40年
https://www.epochtimes.com/gb/22/1/24/n13525361.htm,传遣散费最高150万 佳能珠海补偿办法遭诋毁
https://www.epochtimes.com/gb/22/1/22/n13523009.htm,分析：中国房地产市场情况到底有多糟
https://www.epochtimes.com/gb/22/1/21/n13521327.htm,在百度上遭屏蔽 NBA球星坎特：可笑又可悲
https://www.epochtimes.com/gb/22/1/23/n13524617.htm,西安市民曝各地捐赠食品蔬菜被官方扔掉
https://www.epochtimes.com/gb/22/1/18/n13512864.htm,程晓农：走出专制社会的第一步——自发反洗脑
https://www.epochtimes.com/gb/22/1/17/n13510334.htm,新西兰法轮功汉密尔顿游行 民众感受强大能量
https://www.epochtimes.com/gb/22/1/18/n13513730.htm,多公司受恒大拖累 民生银行恐背290亿坏帐
https://www.ntdtv.com/gb/2022/01/17/a103323249.html,丈夫被迫害死后 北京画家许那再被非法判刑8年
https://www.epochtimes.com/gb/22/1/17/n13511372.htm,中国出生率一降再降 专家：人口危机超想像
https://www.epochtimes.com/gb/22/1/17/n13510109.htm,郭飞雄妻子张青追思会：中共是人间悲剧制造者
https://www.epochtimes.com/gb/22/1/16/n13508986.htm,许那被判8年 律师：冬奥前中共侵害人权又一例
https://www.epochtimes.com/gb/22/1/14/n13505106.htm,胡锡进批印度 媒体人：最好关心中方冻死士兵
https://www.ntdtv.com/gb/2022/01/14/a103321260.html,西安关停两家私营医院 数千病人陷困境 网民痛批
https://www.epochtimes.com/gb/22/1/10/n13494074.htm,【独家】文件泄底 冬奥令西安防疫更极端
https://www.ntdtv.com/gb/2022/01/11/a103318268.html,2021年至少103名法轮功学员被迫害死
https://www.epochtimes.com/gb/22/1/11/n13496117.htm,恒大退租集团总部搬走 恒大回应
https://www.epochtimes.com/gb/22/1/11/n13496354.htm,前中共国家队队医出书 揭运动员服禁药内幕
https://www.epochtimes.com/gb/22/1/8/n13490231.htm,江雪封城日记一度被删 3小时后突然复活
https://www.epochtimes.com/gb/22/1/4/n13481009.htm,江雪：西安封城日记
https://www.ntdtv.com/gb/2022/01/04/a103312758.html,西安封城悲剧 网传多人因失救死亡
https://www.ntdtv.com/gb/2022/01/04/a103312669.html,曾经辱骂方方 西安小粉红绝境求救引热议
https://www.epochtimes.com/gb/22/1/1/n13474969.htm,李明：疫苗不能控制疫情 自救是出路
https://www.epochtimes.com/gb/22/1/4/n13481931.htm,西安女子晒“特供菜” 居住地址为“政府大院”
https://www.ntdtv.com/gb/2022/01/02/a103310059.html,新年首日 西安小区千人拉走隔离 居民披露内幕
https://www.epochtimes.com/gb/21/12/21/n13451334.htm,六十国法轮功学员恭祝李洪志大师新年好
https://www.epochtimes.com/gb/22/1/1/n13474900.htm,全球退党服务中心2022年新年贺词
https://www.epochtimes.com/gb/21/12/24/n13458383.htm,大纪元2022年新年贺词
https://www.ntdtv.com/gb/2021/12/31/a103308826.html,西安封城“饥荒”持续 传独居老人已饿了三天
https://www.epochtimes.com/gb/21/12/31/n13473152.htm,中纪委敲打山姆会员店 背后意思是什么
https://www.epochtimes.com/gb/21/12/31/n13473044.htm,习近平2022新年致辞 外媒这样解读
https://www.epochtimes.com/gb/21/12/28/n13465065.htm,2021中共十大“舆论翻车”事件
https://www.ntdtv.com/gb/2021/12/30/a103306576.html,【一线采访】西安封城7天又戒严 民众断粮呐喊
https://www.epochtimes.com/gb/21/12/28/n13463948.htm,四川官媒发帖提“蛋炒饭” 被指影射毛岸英
https://www.epochtimes.com/gb/21/12/28/n13464903.htm,偷拍已成中国黑色产业 分工细化无所不在
https://www.epochtimes.com/gb/21/12/25/n13459864.htm,报告Omicron变种的科学家说 中国清零政策没用
https://www.ntdtv.com/gb/2021/12/27/a103304209.html,李田田出院仍失联 传失去教师资格
https://www.epochtimes.com/gb/21/12/28/n13463507.htm,张展入狱周年 无国界记者组织再吁中共放人
https://www.epochtimes.com/gb/21/12/27/n13462711.htm,美驻华大使：苏联解体是永远不会忘记的日子
https://www.epochtimes.com/gb/21/12/27/n13461235.htm,美航班折返后逾百华人被困 内部人士揭真相
https://www.epochtimes.com/gb/21/12/25/n13459361.htm,声援李田田 发起人及联署者多人被约谈
https://www.epochtimes.com/gb/21/12/25/n13459229.htm,新疆广东高层变动 新疆书记陈全国被换
https://www.epochtimes.com/gb/21/12/23/n13454445.htm,新华社社长面临换人 中共文宣系统震荡
https://www.epochtimes.com/gb/21/12/22/n13453654.htm,英特尔拒用新疆产品 小粉红要抵制又纠结
https://www.epochtimes.com/gb/21/12/23/n13454575.htm,河北等地煤改电 民众点不起暖气挨冻
https://www.epochtimes.com/gb/21/12/23/n13454215.htm,大陆房企新力控股称无力偿付2.5亿美元债务
https://www.epochtimes.com/gb/19/8/2/n11425803.htm,时评：中共不是中国 如同物业公司不是社区
https://www.epochtimes.com/gb/21/12/21/n13450939.htm,美国华府地方电台被曝收受中共440万美元
https://www.epochtimes.com/gb/21/12/21/n13451336.htm,“五毛愤青聚集地”铁血社区将被永久关闭
https://www.epochtimes.com/gb/21/12/21/n13449511.htm,佳兆业宣布美元债违约 寻求债务重组
https://www.epochtimes.com/gb/21/12/20/n13448312.htm,彭帅新视频漏洞多？资深媒体人和专家热评
https://www.epochtimes.com/gb/21/12/18/n13445742.htm,台湾六千法轮功学员法会 李洪志大师发贺词
https://www.epochtimes.com/gb/21/12/20/n13447379.htm,声援上海宋庚一 怀孕女老师疑被关精神病院
https://www.epochtimes.com/gb/21/12/19/n13446060.htm,上海宋庚一被开除事件发酵 告密学生被曝光
https://www.ntdtv.com/gb/2021/12/18/a103297650.html,中国迎来弃房断供大潮 法拍房4年暴增近200倍
https://www.ntdtv.com/gb/2021/12/18/a103297349.html,习宣布建设全国统一市场 毛时代“供销社”复活
https://www.ntdtv.com/gb/2021/12/18/a103297712.html,西安又爆鼠疫 网传出血热定点医院爆满
https://www.epochtimes.com/gb/21/12/18/n13445382.htm,民主人士董广平：人们通过三退认清中共本质
https://www.epochtimes.com/gb/21/12/18/n13444866.htm,胡锡进退休 分析：他“叼盘”过猛惹祸上身
https://www.epochtimes.com/gb/21/12/16/n13440258.htm,消息：恒大资金匮乏情况比预期更复杂
https://www.epochtimes.com/gb/21/12/16/n13440460.htm,吴明德：大陆印钞厂董事投案 或被对手供出
https://www.epochtimes.com/gb/21/12/15/n13439801.htm,科兴疫苗对新毒株无效 专家：中国面临新威胁
https://www.epochtimes.com/gb/21/12/15/n13439043.htm,与中共交恶 立陶宛所有外交官及家属离开中国
https://www.epochtimes.com/gb/21/12/15/n13438626.htm,大陆女子举报前婆婆吃空饷有8套房
https://www.epochtimes.com/gb/21/12/9/n13426653.htm,大纪元美首都新办公室开张 政要专家云集
https://www.epochtimes.com/gb/21/12/8/n13425157.htm,驻洛杉矶台北经文处处长偕侨领参访大纪元
https://www.epochtimes.com/gb/21/12/4/n13416485.htm,抵制北京冬奥 20国拒签奥运休战协议
https://www.epochtimes.com/gb/21/12/9/n13427500.htm,110国民主峰会开幕 分析：中共叫嚣成国际笑柄
https://www.epochtimes.com/gb/21/12/9/n13427079.htm,瓜达尔反抗一带一路 中共称假新闻后被打脸
https://www.epochtimes.com/gb/21/12/6/n13420677.htm,专家谈恒大危机：中共只是放缓爆发速度
https://www.epochtimes.com/gb/21/12/6/n13419407.htm,陈思敏：上海“小红楼”案还有更大的官没爆出来
https://www.ntdtv.com/gb/2021/12/02/a103283531.html,中国楼市继续下滑 百强房企11月销量大跌四成
https://www.epochtimes.com/gb/21/12/3/n13415563.htm,恒大首笔美元债违约 中共4部门急“维稳”
https://www.epochtimes.com/gb/21/12/3/n13414099.htm,大陆楼市惨淡 地产中介：10年罕见艰难时刻
https://www.epochtimes.com/gb/21/12/2/n13412837.htm,WTA停办中国赛事 网民称快 北京删帖
https://www.epochtimes.com/gb/21/12/1/n13410480.htm,“洋五毛”因彭帅事件抨击中共 遭CGTN封笔
https://www.epochtimes.com/gb/21/12/2/n13411393.htm,逾六百中国账户散布COVID假消息 遭Meta移除
https://www.epochtimes.com/gb/21/11/30/n13407330.htm,广东台山核电厂停运 被指或与锅炉设计有关
https://www.epochtimes.com/gb/21/11/30/n13407690.htm,【中国观察】司马南和金灿荣敛“爱国”财
https://www.epochtimes.com/gb/21/11/30/n13408680.htm,分析：周焯华赌客名单上大批公职人员恐现形
https://www.epochtimes.com/gb/21/11/30/n13408299.htm,新信息显示 Omicron传播比想像更广更早
https://www.epochtimes.com/gb/21/11/30/n13407502.htm,控告法院制造司法事故 王全璋三律师遭扣押
https://www.epochtimes.com/gb/21/9/21/n13249512.htm,中共罪行录之五十三：“文革”中被逼自杀的科学家
https://www.epochtimes.com/gb/21/11/26/n13401105.htm,一文看懂 所罗门冲突为何与中共有关
https://www.epochtimes.com/gb/21/11/27/n13401887.htm,吉林男子因长相酷似越狱犯 3天5次被抓
https://www.epochtimes.com/gb/21/11/25/n13398359.htm,外媒对张高丽大起底 聚焦其下场将如何
https://www.epochtimes.com/gb/19/12/14/n11722727.htm,前中共处级干部为何穿过三国边境逃出中国
https://www.epochtimes.com/gb/21/11/26/n13400278.htm,所罗门爆冲突 华人遭洗劫 澳洲出兵维安
https://www.epochtimes.com/gb/21/11/25/n13398672.htm,中共驻立陶宛使馆称暂停领事业务 又诡异删除
https://www.epochtimes.com/gb/21/11/22/n13390029.htm,36位西人：在天安门广场上为自由而战
https://www.ntdtv.com/gb/2021/11/19/a103272494.html,中国女足主教练引热议 水庆霞没竞聘反而当选
https://www.epochtimes.com/gb/21/11/13/n13374178.htm,蔡大雅：中国治下农民的百年悲歌
https://www.ntdtv.com/gb/2021/11/19/a103272789.html,沈舟：中共忽然纪念“飞虎队”牵出的秘辛
https://www.epochtimes.com/gb/21/11/19/n13387151.htm,彭帅失踪 联合国吁调查 白宫表关切
https://www.ntdtv.com/gb/2021/11/18/a103272072.html,王友群：把女儿“献给”徐才厚的谷俊山
https://www.ntdtv.com/gb/2021/11/17/a103271217.html,王友群：百年中共没能解决接班人问题
https://www.epochtimes.com/gb/21/11/18/n13384585.htm,CGTN电邮发酵 媒体向中共官方追问彭帅下落
https://www.epochtimes.com/gb/21/11/18/n13384526.htm,程晓农：中共的历史决议就是大翻盘
https://www.epochtimes.com/gb/21/11/18/n13383494.htm,比亚迪员工猝死 生前曾26天连续工作12小时
https://www.epochtimes.com/gb/21/11/18/n13382845.htm,官媒登“彭帅声明”WAT主席质疑其真实性
https://www.ntdtv.com/gb/2021/11/16/a103269976.html,入狱仅13天 湖北法轮功学员遭迫害致死
https://www.ntdtv.com/gb/2021/11/17/a103270674.html,华邮：白宫将宣布外交抵制北京冬奥
https://www.epochtimes.com/gb/21/11/17/n13380868.htm,八名“大老虎”成中共历史决议反面人物
https://www.ntdtv.com/gb/2021/11/17/a103270693.html,从墙外到玻璃心 黄明志的新歌感动“墙内人”
https://www.epochtimes.com/gb/21/11/17/n13380724.htm,NBA球星坎特再为人权发声 轰中共活摘器官
https://www.epochtimes.com/gb/21/11/17/n13380538.htm,融创频抛售资产套现 分析：面临高负债风险
https://www.epochtimes.com/gb/21/11/15/n13377195.htm,610办公室：从权倾一时到反腐重灾区
https://www.epochtimes.com/gb/21/11/15/n13376614.htm,房企无钱付工程款 大陆多地涌现“工抵房”
https://www.epochtimes.com/gb/21/11/13/n13374399.htm,中共房市政策放宽？分析：为国进民退铺路
https://www.epochtimes.com/gb/21/11/13/n13374328.htm,中共恐楼市崩盘 21座城市发布“限跌令”
https://www.epochtimes.com/gb/21/11/13/n13374283.htm,北京二手房成交量连降7个月 中介：与政策有关
https://www.ntdtv.com/gb/2021/11/12/a103267203.html,重庆出租车集体罢工 中共封锁消息
https://www.ntdtv.com/gb/2021/11/12/a103267137.html,学者解读六中全会公报 谎话连篇 堪称笑话
https://www.ntdtv.com/gb/2021/11/12/a103267514.html,又一房企巨头陷困境 传“融创中国”欲售资产还债
https://www.ntdtv.com/gb/2021/11/12/a103267296.html,【禁闻】中国歧视性招聘教师 不收法轮功学员
https://www.epochtimes.com/gb/21/11/12/n13372456.htm,王友群：原中央军委副主席徐才厚有多腐败?
https://www.epochtimes.com/gb/21/11/11/n13368556.htm,分析：孙力军被逮 一场政治风暴逼近香港
https://www.epochtimes.com/gb/21/11/9/n13365723.htm,大陆东北暴雪 多地断电 引发民怨
https://www.epochtimes.com/gb/21/11/11/n13369303.htm,传沈阳拟松绑楼市限制性政策
https://www.epochtimes.com/gb/21/11/10/n13366102.htm,中国房企债务违约潮扩大 官方密集开会
https://www.epochtimes.com/gb/21/11/9/n13365511.htm,上海国安局长黄宝坤遭实名举报涉嫌性侵
https://www.epochtimes.com/gb/21/11/6/n13357744.htm,程晓农：房地产税如何改变中国中产家庭未来
https://www.epochtimes.com/gb/21/11/4/n13353791.htm,为何美海狼级核潜艇在南海撞海山 专家释疑
https://www.epochtimes.com/gb/21/11/6/n13357488.htm,失联47天 中国独立记者黄雪琴证实遭逮捕
https://www.epochtimes.com/gb/21/11/5/n13356581.htm,瑞丽清零政策下 “普通人没办法生活”
https://www.epochtimes.com/gb/21/11/5/n13355618.htm,中共监控工具“时空伴随者”禁锢数万人
https://www.epochtimes.com/gb/21/11/4/n13352620.htm,曾戴Z字母项链 彭帅称有特别的意义
https://www.epochtimes.com/gb/21/11/4/n13352814.htm,张高丽爆性丑闻 中纪委发天津违规通报引联想
https://www.epochtimes.com/gb/21/11/4/n13351920.htm,河南出台器官收费标准 外界忧助长非法移植
https://www.epochtimes.com/gb/21/11/2/n13348848.htm,中共前常委张高丽遭女网冠军彭帅控诉性侵
https://www.ntdtv.com/gb/2021/11/01/a103257834.html,欧盟等32国 取消中国贸易最惠国待遇
https://www.epochtimes.com/gb/21/11/2/n13347206.htm,袁斌：瑞丽市长说瑞丽不需要援助，是这样吗？
https://www.epochtimes.com/gb/21/11/1/n13346089.htm,北京冬奥在即 各界呼吁释放公民记者张展
https://www.epochtimes.com/gb/21/11/2/n13347608.htm,中共商务部吁存民生物资防突发情况 网民热议
https://www.ntdtv.com/gb/2021/10/30/a103256536.html,央企楼盘大降价武汉业主集体维权 多人被抓
https://www.epochtimes.com/gb/21/10/28/n13336623.htm,于月仙遇难调查出炉 赵本山子弟相继出事
https://www.ntdtv.com/gb/2021/10/30/a103256506.html,江西男看《长津湖》跟风吃冻土豆 惨拔3颗牙
https://www.ntdtv.com/gb/2021/10/30/a103256584.html,程晓农：剖析中国房产税试点的选点意图
https://www.ntdtv.com/gb/2021/10/30/a103256368.html,香港法轮佛学会会长遇袭 警方调查半年无任何检控
https://www.epochtimes.com/gb/21/10/26/n13331759.htm,女星马羚呛国家电网 被迫删文 直言无安全感
https://www.epochtimes.com/gb/21/10/26/n13331597.htm,毛泽东之子冥诞 央企官微涉“蛋炒饭”遭禁言
https://www.ntdtv.com/gb/2021/10/25/a103252126.html,中共秘密组织“610” 为何头目相继落马
https://www.ntdtv.com/gb/2021/10/26/a103253012.html,甩锅美国龙虾？专家揭亲共账号疫情造假传播链
https://www.epochtimes.com/gb/21/7/3/n13064830.htm,【百年透视】剖析中共洗脑术
https://www.epochtimes.com/gb/21/10/25/n13327803.htm,上海男抛售93套房 几大商业媒体齐辟谣惹议
https://www.epochtimes.com/gb/21/10/3/n13279023.htm,别被史诗大片忽悠 长津湖战役惨绝人寰的真相
https://www.ntdtv.com/gb/2021/10/22/a103250076.html,袁斌：欧金中“畏罪自杀”为何成了国家机密？
https://www.epochtimes.com/gb/21/10/19/n13314364.htm,陈净：《长津湖》爆红背后或隐藏危险风暴
https://www.epochtimes.com/gb/21/10/22/n13322161.htm,网文：曹德旺说中了 大陆房价吹冷风
https://www.epochtimes.com/gb/21/10/23/n13324087.htm,产粮大省遇洪灾 官称今年秋粮增产 遭质疑
https://www.epochtimes.com/gb/21/10/24/n13325562.htm,何清涟：中国经济为何能挺到现在？
https://www.epochtimes.com/gb/21/10/23/n13324145.htm,李云迪被抛弃？分析：中共事先已安排好
https://www.epochtimes.com/gb/21/10/22/n13323267.htm,NBA球星在中国遭杯葛 美国务院发声
https://www.epochtimes.com/gb/21/10/22/n13323065.htm,亲共推特账号被指传假消息 将疫源甩锅给龙虾
https://www.epochtimes.com/gb/21/10/22/n13322388.htm,网文：大陆房产中介道破楼市真相
https://www.ntdtv.com/gb/2021/10/22/a103250233.html,荷兰电影节首映《别问问题》揭自焚真相
https://www.ntdtv.com/gb/2021/10/22/a103250257.html,李云迪嫖娼被抓 当局策划背后是一盘棋
https://www.epochtimes.com/gb/21/10/19/n13316101.htm,杀人摘器官贩卖 外媒：中国真实版鱿鱼游戏
https://www.epochtimes.com/gb/21/10/19/n13314842.htm,外媒：中共迫害法轮功高龄化频繁化 变本加厉
https://www.epochtimes.com/gb/21/10/20/n13316231.htm,中国一女子住酒店 接连发现针孔摄像头
https://www.epochtimes.com/gb/21/10/20/n13317090.htm,大陆房价下跌城市增多 业界：明显进入降温周期
https://www.ntdtv.com/gb/2021/10/20/a103247410.html,一艘中国渔船在韩国近海沉没 12人获救3人失踪
https://www.ntdtv.com/gb/2021/10/20/a103247399.html,上海游客染疫祸及8省市 病毒源头仍然不明
https://www.epochtimes.com/gb/21/10/19/n13315437.htm,遭中共报复 爱立信计划削减中国业务
https://www.ntdtv.com/gb/2021/10/19/a103246856.html,从孟晚舟到水灾 中共新闻审查细节曝光
https://www.ntdtv.com/gb/2021/10/19/a103246768.html,经济学家：中国经济跌破下限 3大支柱摇摇欲坠
https://www.epochtimes.com/gb/21/10/19/n13315040.htm,分析：六中全会前 习借孙力军案威慑各方
https://www.epochtimes.com/gb/20/3/27/n11981662.htm,【文史】大难前如何避祸 埃及十灾给启示
https://www.epochtimes.com/gb/21/10/16/n13308625.htm,习再谈“共同富裕”推房产税 学者不看好
https://www.epochtimes.com/gb/21/10/16/n13308441.htm,自称30年前被欧金中救起 男子发视频遭秒删
https://www.epochtimes.com/gb/21/10/16/n13308057.htm,从老实人到挥刀砍人 欧金中悲剧引发反响
https://www.ntdtv.com/gb/2021/10/16/a103244573.html,傅政华案牵出江泽民 大外宣罕见揭“610”身世
https://www.ntdtv.com/gb/2021/10/16/a103244723.html,50名中国留学生签证被取消 赴美仅一个月
https://www.epochtimes.com/gb/21/10/14/n13305257.htm,王友群：盘点习近平拿下的七名公安部高官
https://www.ntdtv.com/gb/2021/10/15/a103243538.html,中共多省检察院头目被处理 登上“恶人榜”
https://www.ntdtv.com/gb/2021/10/15/a103243611.html,张文宏警告：打疫苗仍感染 会越来越常见
https://www.ntdtv.com/gb/2021/10/15/a103243792.html,中共提供劣质军备 中巴关系现裂缝
https://www.epochtimes.com/gb/21/10/14/n13304847.htm,中国逾半省级行政区房价下跌
https://www.epochtimes.com/gb/21/10/12/n13298770.htm,十一假期 大陆二三四线楼市成交面积降四成
https://www.epochtimes.com/gb/21/10/11/n13297571.htm,中印边境再爆冲突 专家：中共凌晨发稿有玄机
https://www.epochtimes.com/gb/21/10/11/n13297545.htm,大陆房企负债5万亿美元 陷困境的不止恒大
https://www.epochtimes.com/gb/21/10/11/n13297314.htm,中国房产危机蔓延 又一地产商陷债务困境
https://www.epochtimes.com/gb/21/10/11/n13296532.htm,党媒为解决“大龄男娶媳妇难”刊文 惹众怒
https://www.ntdtv.com/gb/2021/10/11/a103240125.html,莆田命案内情曝光 网民：地方政府不作为
https://www.ntdtv.com/gb/2021/10/11/a103240229.html,李宁台湾店“庆双十”遭小粉红围攻 脸书被迫关闭
https://www.epochtimes.com/gb/21/10/8/n13290569.htm,批评《长津湖》 大陆媒体人罗昌平遭刑拘
https://www.epochtimes.com/gb/21/10/8/n13291513.htm,微信QQ淘宝被曝：后台频繁读取用户相册
https://www.ntdtv.com/gb/2021/10/08/a103237856.html,美团遭重罚34亿人民币
https://www.ntdtv.com/gb/2021/10/08/a103238081.html,中共新规“征求意见”：非官方一律不准办媒体
https://www.epochtimes.com/gb/21/10/7/n13289198.htm,厦门聚会案起诉书曝光 “颠覆罪”遭驳斥
https://www.epochtimes.com/gb/21/10/7/n13289127.htm,消息：美特种部队驻台 轮流训练士兵一年
https://www.epochtimes.com/gb/21/10/7/n13286748.htm,潘朵拉文件曝光中共用离岸公司收购军企
https://www.epochtimes.com/gb/21/10/6/n13286429.htm,长津湖——改变了中美国策的战役
https://www.ntdtv.com/gb/2021/10/06/a103235860.html,接力任志强？胡舒立微博发“猪头”照引发猜测
https://www.ntdtv.com/gb/2021/10/06/a103236137.html,曾庆红侄女发“至暗时刻”剧照 业主忧其跑路
https://www.epochtimes.com/gb/21/10/5/n13282377.htm,分析：从华夏幸福重组看中国房地产失落
https://www.ntdtv.com/gb/2021/10/06/a103236051.html,中国城市负债率排行榜出炉 贵阳债务率达929%
https://www.epochtimes.com/gb/21/10/4/n13281280.htm,无神论统御的基督教王国
https://www.ntdtv.com/gb/2021/10/05/a103234738.html,“瑞士专家”不孤单 港媒抛不存在的“日本专家”
https://www.epochtimes.com/gb/21/10/4/n13281256.htm,长津湖战役中共曾不敢提 如今吹捧藏何秘密
https://www.epochtimes.com/gb/21/10/5/n13282745.htm,大陆城市负债率排行出炉 北京是深圳的10倍
https://www.epochtimes.com/gb/21/10/3/n13278911.htm,傅政华落马 北京警察曝其为何在公安内部招恨
https://www.epochtimes.com/gb/21/10/4/n13279432.htm,大陆房企9月销售额跌36% 恒大跌96.26%
https://www.epochtimes.com/gb/21/10/3/n13278649.htm,一月内辽宁锦州两官员自杀 他们生前干了啥
https://www.epochtimes.com/gb/21/10/2/n13277162.htm,大陆二三线城市恐房价暴跌 多地下“限跌令”
https://www.ntdtv.com/gb/2021/10/04/a103233606.html,恒大4日突然停牌 传中国地产巨头收购恒大物业
https://www.epochtimes.com/gb/21/9/30/n13272607.htm,【特稿】中共祸国殃民七十二年
https://www.epochtimes.com/gb/21/10/1/n13274200.htm,2021上半年 北京法轮功学员遭迫害综述
https://www.epochtimes.com/gb/21/10/1/n13273131.htm,智库：澳洲中文媒体忧北京报复而自我审查
https://www.epochtimes.com/gb/21/10/1/n13273440.htm,大陆地产商新力控股停牌后 传裁员降薪卖项目
https://www.ntdtv.com/gb/2021/10/01/a103232129.html,中共建政72周年 分析：内外交困几十年之最
https://www.ntdtv.com/gb/2021/10/01/a103231980.html,法国报告：中共大使被瑞典朝野赶走的内幕
https://www.ntdtv.com/gb/2021/10/01/a103231786.html,路透：当局促国企收购恒大资产 不愿直接出手
https://www.epochtimes.com/gb/21/9/27/n13263285.htm,辽宁一企业因限电发生煤气泄漏 23人中毒
https://www.ntdtv.com/gb/2021/09/26/a103227595.html,法国重磅报告 披露中共迫害法轮功隐密610办公室
https://www.epochtimes.com/gb/21/9/27/n13262702.htm,张家口楼市价格跌四成 上海学区房降价300万
https://www.epochtimes.com/gb/21/9/26/n13262082.htm,福州公安局长潘东升离奇猝死 曾迫害法轮功
https://www.epochtimes.com/gb/21/9/26/n13262087.htm,中国多省突发限电令 各方分析原因及影响
https://www.epochtimes.com/gb/21/9/25/n13259947.htm,康明凯和斯帕弗抵达加拿大 特鲁多接机
https://www.epochtimes.com/gb/21/9/25/n13260223.htm,孟晚舟回国引热议 律师：华为是最大输家
https://www.epochtimes.com/gb/21/9/25/n13259026.htm,李子柒消失两月后露面 背后资本纷争有解？
https://www.epochtimes.com/gb/21/9/25/n13259673.htm,程晓农：中国房地产业的多米诺骨牌效应
https://www.ntdtv.com/gb/2021/09/25/a103226628.html,海航两老总一死一被抓 内部高管：早有预料
https://www.ntdtv.com/gb/2021/09/25/a103226749.html,谢田：华为孟晚舟案延诉 三国四方的成败
https://www.epochtimes.com/gb/21/9/25/n13259791.htm,武汉病毒研究计划曝光 佐证“实验室泄露说”
https://www.ntdtv.com/gb/2021/09/25/a103226632.html,私募大V叶飞被抓 曾爆中国股市黑幕
https://www.ntdtv.com/gb/2021/09/25/a103226628.html,海航两老总一死一被抓 内部高管：早有预料
https://www.epochtimes.com/gb/21/9/24/n13257158.htm,中共救不救恒大？业内人士披露详情
https://www.epochtimes.com/gb/21/9/24/n13256756.htm,德勤：大陆银行房企不良贷款上半年增38%
https://www.ntdtv.com/gb/2021/09/24/a103225812.html,湖北工业大学一研究生坠亡 死者性别说法不一
https://www.ntdtv.com/gb/2021/09/23/a103225292.html,地方政府开始有限接管 恒大结局被指或如海航
https://www.ntdtv.com/gb/2021/09/24/a103225797.html,中国五省大规模限电 致部分企业停产
https://www.ntdtv.com/gb/2021/09/24/a103225846.html,支付宝和微信支付疑被锁定 北京透露反垄断目标
https://www.epochtimes.com/gb/21/9/19/n13244483.htm,恒大受害人患病求兑付被拒 维权遭警传唤
https://www.epochtimes.com/gb/21/9/18/n13244209.htm,李嘉诚卖掉上海一地产项目 套现21亿
https://www.epochtimes.com/gb/21/9/18/n13244109.htm,如间谍小说 美英澳核潜艇协议达成细节曝光
https://www.epochtimes.com/gb/21/9/18/n13243350.htm,中共驻巴西里约总领馆遭人投掷爆炸物
https://www.epochtimes.com/gb/21/9/14/n13233780.htm,“翻墙”了解中共杀人本质 大学生退党保平安
https://www.epochtimes.com/gb/21/9/15/n13236075.htm,厦门疫情飙升下疫苗接种紧急喊停 民众担忧
https://www.epochtimes.com/gb/21/9/16/n13238317.htm,恒大地产债券停牌1天 分析：许家印几种结局
https://www.epochtimes.com/gb/21/9/15/n13236932.htm,恒大员工爆料：许家印妻子及高管均提前兑付
https://www.epochtimes.com/gb/21/9/8/n13220104.htm,惧经济造假被揭穿？中共封杀上千个财经账号
https://www.epochtimes.com/gb/21/9/10/n13225300.htm,拜登习近平通话90分钟 根本分歧未解决
https://www.epochtimes.com/gb/21/9/10/n13225210.htm,中共阻扰 潘石屹卖“SOHO中国”无望
https://www.epochtimes.com/gb/21/9/10/n13224371.htm,专家：恒大华融危机若引爆 冲击中共金融体系
https://www.ntdtv.com/gb/2021/09/10/a103213207.html,多地祭出“限跌令” 中共房价“双向调控”乱套
https://www.ntdtv.com/gb/2021/09/10/a103213231.html,李正宽：升级迫害法轮功 中共的诡秘机器与陷阱
https://www.ntdtv.com/gb/2021/09/05/a103208563.html,【禁闻】文件泄密: 中共建“规章制度”迫害法轮功
https://www.ntdtv.com/gb/2021/09/05/a103208764.html,集突变于一体 C.1.2病毒株是什么？
https://www.epochtimes.com/gb/21/9/5/n13212582.htm,毛左孔庆东遭微博噤声 引关注
https://www.epochtimes.com/gb/21/9/5/n13212321.htm,卫星地图显示：南海角力最后摊牌时刻临近
https://www.epochtimes.com/gb/21/9/5/n13212211.htm,黑天鹅降落天安门引热议 游客围观被疏散
https://www.epochtimes.com/gb/21/9/3/n13207065.htm,穆迪将中国房地产行业展望下调为负面
https://www.epochtimes.com/gb/21/8/24/n13183383.htm,【独家】陕西“千人计划”名单曝光
https://www.epochtimes.com/gb/21/9/3/n13206641.htm,近期多名法轮功学员遭中共绑架后死亡
https://www.epochtimes.com/gb/21/9/2/n13206414.htm,北大经济学教授罕见警告：走向“共同贫穷”
https://www.epochtimes.com/gb/21/9/2/n13206210.htm,11人发疫情照被抓 外媒主编：中共恐惧真相
https://www.epochtimes.com/gb/21/9/2/n13205133.htm,大陆楼市渐冷 房企现离职潮 员工降薪转行
https://www.epochtimes.com/gb/21/9/2/n13204063.htm,乾元：李光满的“大字报”会成为文革2.0的前奏吗？
https://www.epochtimes.com/gb/21/9/1/n13203464.htm,朝鲜拒绝中共提供的300万剂科兴疫苗
https://www.epochtimes.com/gb/21/9/1/n13203630.htm,分析：债务违约 另一巨大风险在中国酝酿
https://www.epochtimes.com/gb/21/9/2/n13204161.htm,广州推出二手房指导价 部分小区仅市价一半
https://www.ntdtv.com/gb/2021/09/02/a103205751.html,中共病毒变异株 Mu现踪39国 C.1.2抗药性更强
https://www.ntdtv.com/gb/2021/09/02/a103205805.html,中南海紧逼恒大 许家印被迫签另类“军令状”
https://www.ntdtv.com/gb/2021/08/29/a103202553.html,不准唱衰！ 抖音等配合网信办清查财经讯息
https://www.ntdtv.com/gb/2021/08/29/a103202720.html,大纪元：强烈谴责北京新一轮新闻自由打压
https://www.ntdtv.com/gb/2021/08/30/a103202932.html,中国房贷全面告急 银行严查购房首付款
https://www.ntdtv.com/gb/2021/08/28/a103201966.html,美“死神”无人机斩首阿富汗IS头目 现场照曝光
https://www.epochtimes.com/gb/21/8/28/n13194604.htm,颜丹：中共为何要“限跌”房价？
https://www.epochtimes.com/gb/21/8/29/n13195215.htm,音乐人高晓松疑遭封杀 名下图书馆暂关闭
https://www.epochtimes.com/gb/21/8/28/n13193950.htm,大陆各地强制接种疫苗 专家解析背后隐情
https://www.epochtimes.com/gb/21/8/28/n13193792.htm,忧恒大债务危机 中共加紧协调防止造成冲击
https://www.ntdtv.com/gb/2021/08/28/a103201954.html,世卫首次配送中国疫苗 南非带头拒收
https://www.ntdtv.com/gb/2021/08/28/a103201744.html,格杀勿论？ 三名中国水手登陆朝鲜岛屿后遭枪杀
https://www.epochtimes.com/gb/21/8/25/n13187771.htm,王友群：习近平为何17个多月没出国访问？
https://www.epochtimes.com/gb/21/8/26/n13190377.htm,法轮功学员传疫情真相被抓 谢燕益：无罪有功
https://www.epochtimes.com/gb/21/8/26/n13189050.htm,中共使馆投稿歪曲病毒起源 自认多家美媒拒登
https://www.epochtimes.com/gb/21/8/25/n13187857.htm,传中共下达10亿人接种指标 各地现强制措施
https://www.ntdtv.com/gb/2021/08/26/a103199804.html,11人发疫情照给大纪元被抓 美记协吁放人
https://www.ntdtv.com/gb/2021/08/26/a103199651.html,安徽在建桥墩托架坍塌致4死 9天后才被公开
https://www.ntdtv.com/gb/2021/08/25/a103199081.html,周晓辉：接种第三针疫苗 恐引发ADE效应
https://www.epochtimes.com/gb/21/8/24/n13184948.htm,分析：中共讨好塔利班 却失去巴基斯坦
https://www.epochtimes.com/gb/21/8/24/n13184716.htm,俄太空碎片撞碎中共军用卫星 北京有何反应
https://www.epochtimes.com/gb/21/8/24/n13184968.htm,法轮功反迫害引共鸣 更多人成真相传播者
https://www.ntdtv.com/gb/2021/08/24/a103198081.html,中情局局长赴喀布尔 秘会塔利班领导人
https://www.ntdtv.com/gb/2021/08/24/a103198121.html,白宫称90天病毒溯源调查如期完成 中共提前开骂
https://www.epochtimes.com/gb/21/8/22/n13179556.htm,网民：华春莹请不要随意代表阿富汗人民
https://www.epochtimes.com/gb/21/8/22/n13180163.htm,暗讽塔利班与中共如出一辙 黄明志微博遭封杀
https://www.ntdtv.com/gb/2021/08/22/a103196406.html,“我们都要崩溃了” 江苏无锡医院陪护向外界呼救
https://www.ntdtv.com/gb/2021/08/21/a103195678.html,【远见快评】承诺保护台湾？拜登投震撼弹
http://www.ntdtv.com/gb/2021/08/22/a103196776.html,官媒发文为加强楼市管控背书 舆论反弹
http://www.ntdtv.com/gb/2021/08/22/a103196376.html,杭州市委书记周江勇深夜落马 与马云关系不一般
https://www.epochtimes.com/gb/21/8/20/n13176775.htm,中国公民车辆在巴基斯坦遭自杀式袭击
https://www.epochtimes.com/gb/21/8/20/n13176444.htm,强行检测病毒 家属曝哈尔滨医院贻误救人
https://www.ntdtv.com/gb/2021/08/20/a103195318.html,习提出“共同富裕” 腾讯出资500亿破财免灾
https://www.ntdtv.com/gb/2021/08/20/a103195606.html,地产税遗产税要来了？官媒热炒税改和三次分配
https://www.epochtimes.com/gb/21/8/20/n13175055.htm,恒大陷债务危机 高管被中共监管机构约谈
https://www.epochtimes.com/gb/21/8/19/n13173811.htm,北京八达岭山庄遭强拆 业主：政府卸磨杀驴
https://www.ntdtv.com/gb/2021/08/19/a103194692.html,中共提共同富裕 新版“打土豪分田地”来了？
https://www.ntdtv.com/gb/2021/08/20/a103194929.html,恒大集团命运难料 许家印与江派关系曝光
https://www.ntdtv.com/gb/2021/08/18/a103193043.html,甘肃洮阳政府干部杀人 致3女孩2死1伤
https://www.epochtimes.com/gb/21/8/19/n13171988.htm,一文看懂中共为何与塔利班交好
https://www.ntdtv.com/gb/2021/08/18/a103193770.html,当街开枪&机场扫射 塔利班暴力行为频传
https://www.ntdtv.com/gb/2021/08/18/a103193187.html,北京铁路桥下死者身份曝光 为铁道部高官夫妇
https://www.epochtimes.com/gb/21/8/18/n13171380.htm,甘肃15岁学生打疫苗后昏厥失忆 官方封口
https://www.ntdtv.com/gb/2021/08/18/a103193362.html,塔利班控制机场通道 撤离工作缓慢进行
https://www.ntdtv.com/gb/2021/08/18/a103193626.html,染疫华人在日本到处播毒自夸“抗日” 惹怒众网友
https://www.ntdtv.com/gb/2021/08/18/a103193807.html,阿富汗曝平民被射杀 中共为何愿和塔利班合作？
https://www.epochtimes.com/gb/21/8/16/n13166185.htm,为塔利班“洗白”遭网民抨击 中共急删文
https://www.epochtimes.com/gb/21/8/17/n13168833.htm,分析：塔利班掌权后 与伊朗和中共关系微妙
https://www.epochtimes.com/gb/21/8/17/n13169191.htm,沈阳万达楼盘降价 官方机构介入干预
https://www.ntdtv.com/gb/2021/08/17/a103192497.html,新版“公私合营”：国企入股抖音和微博子公司
https://www.ntdtv.com/gb/2021/08/14/a103190431.html,高智晟妻子：整整1460天，我的眼泪早已流尽
https://www.ntdtv.com/gb/2021/08/14/a103190613.html,阿里性侵案草草收场 警方通报“无强奸证据”
https://www.ntdtv.com/gb/2021/08/14/a103190428.html,“不吃秦刚那一套” 美副国务卿重申支持台湾
https://www.epochtimes.com/gb/21/8/13/n13161166.htm,济南通报阿里女员工“未被性侵” 网络翻车
https://www.epochtimes.com/gb/21/8/13/n13161371.htm,高智晟被失踪四年 外界吁国际制裁中共
https://www.epochtimes.com/gb/21/8/11/n13154468.htm,台湾专家解析 中共为何此时向立陶宛开刀
https://www.epochtimes.com/gb/21/8/11/n13155165.htm,山东省前610副主任落马 一桩重罪被回避
https://www.epochtimes.com/gb/21/8/11/n13155386.htm,河南水灾 绝收农田每亩补50元 民怨沸腾
https://www.ntdtv.com/gb/2021/08/11/a103187630.html,盘点赵本山身边死去的人 搭档猝死 6徒弟身亡
https://www.ntdtv.com/gb/2021/08/10/a103187034.html,中共国防部和外交部被爆内讧 各自向习告状
https://www.ntdtv.com/gb/2021/08/10/a103186608.html,郑州疫情凶险 突然叫停全市疫苗接种
https://www.epochtimes.com/gb/21/8/10/n13153125.htm,中共官媒就疫源调查抹黑美国 被瑞士使馆揭穿
https://www.epochtimes.com/gb/21/8/10/n13152337.htm,组图：疫情爆发期 北京防控再升级
https://www.ntdtv.com/gb/2021/08/10/a103187330.html,习思想必修 各行业被整 中国进入文革2.0？
https://www.ntdtv.com/gb/2021/08/10/a103187195.html,北戴河有会无会？ 6名政治局委员缺席
https://www.ntdtv.com/gb/2021/08/10/a103187172.html,阿里性侵案揭内斗帷幕？ 外宣媒体不点名对阵央媒
https://www.ntdtv.com/gb/2021/08/10/a103186952.html,中共要求互撤外交大使 立陶宛回呛
https://www.epochtimes.com/gb/21/8/7/n13146710.htm,潘石屹出售SOHO中国 中共立案审查
https://www.epochtimes.com/gb/21/8/6/n13144228.htm,消息：美团将被北京当局罚款十亿美元
https://www.epochtimes.com/gb/21/8/7/n13146722.htm,阿里巴巴爆性丑闻 女员工指控公司包庇嫌犯
https://www.epochtimes.com/gb/21/8/6/n13144761.htm,东奥之时 前中国体操冠军乞讨照网上热传
https://www.epochtimes.com/gb/21/8/6/n13142627.htm,组图：疫情来势凶猛 北京管控再升一级
https://www.epochtimes.com/gb/21/8/5/n13140984.htm,余英时生前谈中台港局势 吁认清共产党的可怕
https://www.epochtimes.com/gb/21/8/4/n13138656.htm,钟南山称国产疫苗对Delta有效 受质疑
https://www.ntdtv.com/gb/2021/08/05/a103183306.html,疑因转发庭审视频 知名律师周筱赟遭跨省抓人
https://www.ntdtv.com/gb/2021/08/05/a103183212.html,上海电气总裁黄瓯跳楼自杀 9天前原董事长被查
https://www.ntdtv.com/gb/2021/08/06/a103183779.html,负债百万需还钱 安徽教师开课被掐脖 网民热议
https://www.ntdtv.com/gb/2021/08/06/a103183866.html,武汉封控104个小区 江苏扬州疫情“集中暴发”
https://www.ntdtv.com/gb/2021/08/04/a103182187.html,郑州封楼居民断粮喊救命 瑞丽封城隔离费每人七千
https://www.ntdtv.com/gb/2021/08/04/a103182127.html,中国签证基本叫停 非必要禁止出入境
https://www.ntdtv.com/gb/2021/08/04/a103182319.html,大陆民营运载火箭“双曲线一号”发射再度失败
https://www.epochtimes.com/gb/21/8/4/n13137655.htm,组图：湖北再爆疫情 武汉超市出现抢购潮
https://www.ntdtv.com/gb/2021/08/04/a103181898.html,威慑中共 美军演横跨17时区 冷战以来最大规模
https://www.ntdtv.com/gb/2021/08/04/a103182305.html,小S蔡依林均遭粉红声讨 学者质疑九二共识为假议题
https://www.epochtimes.com/gb/21/8/1/n13131661.htm,燃料破损被曝3月后 台山核电厂1号机组停检
https://www.ntdtv.com/gb/2021/08/03/a103180845.html,湖北宣布进入战时状态 武汉市民抢购物资
https://www.ntdtv.com/gb/2021/08/01/a103179579.html,【禁闻】洪灾过后 郑州满目疮痍 灾民重建靠自救
https://www.epochtimes.com/gb/21/8/2/n13132378.htm,恒大32.5亿港元卖掉恒腾11%股权 腾讯接盘
https://www.epochtimes.com/gb/21/7/31/n13129999.htm,专家：习近平要党员忠诚 恐适得其反
https://www.epochtimes.com/gb/21/7/31/n13129893.htm,吴亦凡被北京警方刑拘 中国娱乐圈或面临整治
https://www.epochtimes.com/gb/21/7/31/n13128375.htm,中共在美“猎狐”细节：在侨社布间谍网
https://www.epochtimes.com/gb/21/7/30/n13127134.htm,组图：大陆疫情蔓延多城市 疫苗恐无法奏效
https://www.ntdtv.com/gb/2021/07/30/a103178352.html,中国奥运女选手男性特征 再引质疑
https://www.ntdtv.com/gb/2021/07/30/a103178481.html,真要出事？广东台山核电站1号机组停机
https://www.epochtimes.com/gb/21/7/29/n13123699.htm,深圳二手房成交创10年新低 万余中介转行
https://www.epochtimes.com/gb/21/7/29/n13124170.htm,网文：中国房价一旦下跌 对经济冲击不堪设想
https://www.epochtimes.com/gb/21/7/27/n13119310.htm,BBC要中共停止攻击报导灾情的外媒记者
https://www.epochtimes.com/gb/21/7/27/n13118170.htm,郑州洪灾遇难者头七 官方用围栏挡市民献花
https://www.epochtimes.com/gb/21/7/27/n13118366.htm,标普下调中国恒大评级至B- 展望为负面
https://www.ntdtv.com/gb/2021/07/27/a103175218.html,南京疫情蔓延5省6市 中国疫苗现原形
https://www.ntdtv.com/gb/2021/07/27/a103175228.html,中国弃婴夺东京奥运金牌 引爆大陆网民热议
https://www.ntdtv.com/gb/2021/07/27/a103175288.html,河南卫辉市成水中孤城 60万人大逃难
https://www.epochtimes.com/gb/21/7/13/n13086597.htm,【特稿】善与恶的较量 记法轮功反迫害22年
https://www.epochtimes.com/gb/21/7/22/n13107875.htm,河南新乡一夜水涨到腰 民怨泄洪急 救援迟
https://www.ntdtv.com/gb/2021/07/23/a103172186.html,郑州洪灾 房企营销推“地狱文宣” 网友骂爆
https://www.ntdtv.com/b5/2021/07/22/a103172126.html,河南洪灾持续 京广路隧道成汽车噩梦
https://www.epochtimes.com/gb/21/7/15/n13092115.htm,法轮功反迫害22周年 美15国会议员声援
https://www.epochtimes.com/gb/21/7/19/n13099878.htm,北京当局“整顿”下 大陆科技富商捐款忙
https://www.epochtimes.com/gb/21/7/19/n13099858.htm,王友群：第一个挨整的中共元帅刘伯承
https://www.ntdtv.com/gb/2021/07/19/a103169143.html,法轮功反迫害22周年 多国政要支持
https://www.epochtimes.com/gb/21/7/19/n13099029.htm,720反迫害22年 台湾政要呼吁停止迫害法轮功
https://www.epochtimes.com/gb/21/7/19/n13100132.htm,美国敦促中共立即停止对法轮功的镇压
https://www.epochtimes.com/gb/21/7/18/n13096311.htm,组图：法轮功学员多伦多大游行 吁结束迫害
https://www.epochtimes.com/gb/21/7/17/n13095574.htm,美首都法轮功720烛光夜悼 吁停止迫害
https://www.epochtimes.com/gb/21/7/18/n13096417.htm,耿格：心怀希望，为中国所有的良心犯祈祷
https://www.epochtimes.com/gb/21/7/17/n13095712.htm,印尼连2天新病例居全球之首 科兴功效再受关注
https://www.epochtimes.com/gb/21/7/17/n13095676.htm,中国药业巨头猝亡 生前是毛思想极端崇拜者
https://www.epochtimes.com/gb/21/7/16/n13092306.htm,涉嫌非法吸收公众存款 大陆财经大V被抓
https://www.epochtimes.com/gb/21/7/16/n13092230.htm,前国会议员谴责迫害 唤醒人们摒弃中共
https://www.epochtimes.com/gb/21/7/14/n13088279.htm,国际宗教峰会专场：中共迫害法轮功加剧
https://www.epochtimes.com/gb/21/6/22/n13039077.htm,【独家】密件曝辽宁打压法轮功14条措施
https://www.ntdtv.com/gb/2021/07/14/a103165812.html,灰犀牛隐现 楼市现巨变 中国经济会雪崩？
https://www.ntdtv.com/gb/2021/07/15/a103165918.html,中国多地强打疫苗：不打停工资 三代亲属全覆盖
https://www.ntdtv.com/gb/2021/07/15/a103166018.html,英国“军情五处”：中俄间谍威胁如同恐怖主义
https://www.epochtimes.com/gb/21/7/14/n13089116.htm,古巴民众抗议焦点中共不敢报 专家解读
https://www.epochtimes.com/gb/21/7/13/n13086679.htm,流亡9年后陈光诚入美籍 促美政府强硬抗共
https://www.epochtimes.com/gb/21/7/13/n13086324.htm,高层激战 官媒重提曾庆红心腹赖小民死刑
https://www.epochtimes.com/gb/21/7/13/n13086476.htm,移除网络华为及中兴设备 美FCC一锤定音
